feat,imp
Gastroesophageal reflux disease,0.0
0,0.03232763554941633
moxifloxacin 5 MG/ML Ophthalmic Solution [Vigamox],0.06537139559978203
75.0,0.09595058865938108
90.0,0.09992297378360687
Albuterol 0.83 MG/ML Inhalation Solution,0.17314241185515652
Budesonide 0.25 MG/ML Inhalation Suspension,0.2606630686126213
50.0,0.49573226495154343
Albuterol 5 MG/ML Inhalation Solution,0.9182997380730247
Ipratropium Bromide 0.2 MG/ML Inhalation Solution,1.0
