feat,imp
Gastroesophageal reflux disease,0.0
0,0.04023634958322508
moxifloxacin 5 MG/ML Ophthalmic Solution [Vigamox],0.0850903737160394
75.0,0.08776126965393233
90.0,0.08844595442642525
Albuterol 0.83 MG/ML Inhalation Solution,0.19983646925294962
Budesonide 0.25 MG/ML Inhalation Suspension,0.23313900191550577
50.0,0.4566701839234575
Albuterol 5 MG/ML Inhalation Solution,0.9018652817521918
Ipratropium Bromide 0.2 MG/ML Inhalation Solution,1.0
