feat,imp
Albuterol 0.83 MG/ML Inhalation Solution,0.0
Gastroesophageal reflux disease,4.760728639940784e-05
Slow weight gain,0.00017199513324071632
25.0,0.0002385017746702536
60 ACTUAT Albuterol 0.09 MG/ACTUAT Metered Dose Inhaler [Ventolin],0.0004126179323566855
50.0,0.0024068091383220355
Constipation,0.013138461329343239
0,1.0
