feat,imp
97.0,0.0
90.0,4.492362888888337e-05
100,0.00030625874991413904
Overweight,0.0006909507943872958
Gastroesophageal reflux disease,0.0058133118406942024
50.0,0.015847050799225167
0,1.0
