feat,imp
Constipation,0.0
200 ACTUAT Albuterol 0.09 MG/ACTUAT Metered Dose Inhaler,0.002088883078003954
NDA019430 0.3 ML Epinephrine 0.5 MG/ML Auto-Injector,0.0025807644578752687
100,0.005177781721300948
Albuterol 0.4 MG/ML Oral Solution,0.006125170043419369
Overweight,0.007531844514655906
90.0,0.008715740691003625
0,1.0
