feat,imp
90.0,0.0
Triamcinolone Acetonide 0.001 MG/MG Topical Ointment,0.0008346587483476234
200 ACTUAT Albuterol 0.09 MG/ACTUAT Metered Dose Inhaler,0.0009750775429082707
Albuterol 0.83 MG/ML Inhalation Solution,0.005080529452406435
100,0.009187507147122326
95.0,0.01792864806468586
0,1.0
