feat,imp
95.0,0.0
90.0,0.07592895758672859
cefdinir 25 MG/ML Oral Suspension,0.08071355704687479
97.0,0.14073627258353627
0,1.0
