feat,imp
95.0,0.0
cefdinir 25 MG/ML Oral Suspension,0.052241785625097854
90.0,0.052908308228071216
97.0,0.10790601421711059
0,1.0
