feat,imp
200 ACTUAT Albuterol 0.09 MG/ACTUAT Metered Dose Inhaler,0.0
Albuterol 0.83 MG/ML Inhalation Solution,0.027128346236196203
75.0,0.06514900468673453
Constipation,0.07366135041824057
50.0,0.13723138425710607
25.0,0.2872505438808497
Budesonide 0.125 MG/ML Inhalation Suspension,0.2880966108543028
Albuterol 5 MG/ML Inhalation Solution,0.9110152832230766
Ipratropium Bromide 0.2 MG/ML Inhalation Solution,1.0
