feat,imp
Gastroesophageal reflux disease,0.0
90.0,0.15446566125706104
moxifloxacin 5 MG/ML Ophthalmic Solution [Vigamox],0.16671708522190806
75.0,0.17969135407527448
0,0.21024362415517714
Budesonide 0.25 MG/ML Inhalation Suspension,0.26145245857087707
Albuterol 0.83 MG/ML Inhalation Solution,0.36016975402362056
50.0,0.37537692997339006
Albuterol 5 MG/ML Inhalation Solution,0.9943216507421054
Ipratropium Bromide 0.2 MG/ML Inhalation Solution,1.0
