feat,imp
Gastroesophageal reflux disease,0.0
50.0,0.3864472510971597
Albuterol 0.83 MG/ML Inhalation Solution,0.3864746292054307
60 ACTUAT Albuterol 0.09 MG/ACTUAT Metered Dose Inhaler [Ventolin],0.42742681443172514
0,0.447323454483446
25.0,0.7346642367701578
Slow weight gain,0.8884707439469789
Constipation,1.0
