feat,imp
97.0,0.0
90.0,0.00025981321739905835
Overweight,0.0008452945462899571
100,0.0017699765142849934
Gastroesophageal reflux disease,0.005850371271610202
50.0,0.011308526422434448
0,1.0
