feat,imp
90.0,0.0
Triamcinolone Acetonide 0.001 MG/MG Topical Ointment,0.0009594834996301234
200 ACTUAT Albuterol 0.09 MG/ACTUAT Metered Dose Inhaler,0.0010031667277300433
Albuterol 0.83 MG/ML Inhalation Solution,0.005308528820445211
100,0.0086050022456086
95.0,0.01618638105224185
0,1.0
