feat,imp
97.0,0.0
90.0,0.0002965005483566107
Overweight,0.0007303731179895393
100,0.0015225365834797026
Gastroesophageal reflux disease,0.007021995677398952
50.0,0.012872044011214893
0,1.0
