feat,imp
200 ACTUAT Albuterol 0.09 MG/ACTUAT Metered Dose Inhaler,0.0
Albuterol 0.83 MG/ML Inhalation Solution,0.007419923981266632
75.0,0.024443797834674867
Constipation,0.06627864518876592
25.0,0.15375062889813876
Budesonide 0.125 MG/ML Inhalation Suspension,0.4027345211567806
50.0,0.426988310375814
Ipratropium Bromide 0.2 MG/ML Inhalation Solution,0.9372398340770655
Albuterol 5 MG/ML Inhalation Solution,1.0
