feat,imp
200 ACTUAT Albuterol 0.09 MG/ACTUAT Metered Dose Inhaler,0.0
Albuterol 0.83 MG/ML Inhalation Solution,0.027807674764246833
75.0,0.06690563800214765
Constipation,0.07550885595893013
50.0,0.13248374706817914
Budesonide 0.125 MG/ML Inhalation Suspension,0.2879041358390407
25.0,0.2952359943182485
Albuterol 5 MG/ML Inhalation Solution,0.8999651083296685
Ipratropium Bromide 0.2 MG/ML Inhalation Solution,1.0
