feat,imp
97.0,0.0
90.0,0.00021765273458480177
Overweight,0.0007080569752697615
100,0.0013624343567899115
Gastroesophageal reflux disease,0.004930239004817346
50.0,0.011124682109234837
0,1.0
