feat,imp
Constipation,0.0
NDA019430 0.3 ML Epinephrine 0.5 MG/ML Auto-Injector,0.0015215195806435986
200 ACTUAT Albuterol 0.09 MG/ACTUAT Metered Dose Inhaler,0.0018726505042041754
100,0.0034527801538462182
Albuterol 0.4 MG/ML Oral Solution,0.00366124860791107
90.0,0.0037324492541094306
Overweight,0.009525946618856099
0,1.0
