feat,imp
95.0,0.0
90.0,0.000729125092343966
cefdinir 25 MG/ML Oral Suspension,0.0007611135685406927
97.0,0.038781130975854394
0,1.0
