feat,imp
Gastroesophageal reflux disease,0.0
90.0,0.036091155707056025
75.0,0.044374064580181054
Budesonide 0.25 MG/ML Inhalation Suspension,0.09766493689023374
50.0,0.2387657258226113
0,0.3975617872082373
Albuterol 0.83 MG/ML Inhalation Solution,0.3984221626177779
moxifloxacin 5 MG/ML Ophthalmic Solution [Vigamox],0.5246801927892847
Albuterol 5 MG/ML Inhalation Solution,0.7101049307517159
Ipratropium Bromide 0.2 MG/ML Inhalation Solution,1.0
