feat,imp
90.0,0.0
Triamcinolone Acetonide 0.001 MG/MG Topical Ointment,0.0003828477844052003
200 ACTUAT Albuterol 0.09 MG/ACTUAT Metered Dose Inhaler,0.000516964636664842
Albuterol 0.83 MG/ML Inhalation Solution,0.002964006237565958
100,0.0034874971602136106
95.0,0.01498054915347968
0,1.0
