feat,imp
90.0,0.0
Triamcinolone Acetonide 0.001 MG/MG Topical Ointment,0.0006158650803446713
200 ACTUAT Albuterol 0.09 MG/ACTUAT Metered Dose Inhaler,0.0007553699314119828
Albuterol 0.83 MG/ML Inhalation Solution,0.0037743646995604665
100,0.006400484414341637
95.0,0.01612871536449022
0,1.0
