feat,imp
Albuterol 0.83 MG/ML Inhalation Solution,0.0
Gastroesophageal reflux disease,6.563154378369006e-05
Slow weight gain,0.000305750911458451
25.0,0.0004407065491715971
60 ACTUAT Albuterol 0.09 MG/ACTUAT Metered Dose Inhaler [Ventolin],0.0006125252120889079
50.0,0.003378916479373853
Constipation,0.015170023863397752
0,1.0
