feat,imp
Gastroesophageal reflux disease,0.0
75.0,0.03277490911790002
90.0,0.03361935644920735
Budesonide 0.25 MG/ML Inhalation Suspension,0.08674779111402614
50.0,0.21741109494190108
Albuterol 0.83 MG/ML Inhalation Solution,0.42621539687264026
0,0.5048992765733151
moxifloxacin 5 MG/ML Ophthalmic Solution [Vigamox],0.5195294461654146
Albuterol 5 MG/ML Inhalation Solution,0.7396758710572463
Ipratropium Bromide 0.2 MG/ML Inhalation Solution,1.0
