feat,imp
90.0,0.0
Triamcinolone Acetonide 0.001 MG/MG Topical Ointment,0.0006384961111053308
200 ACTUAT Albuterol 0.09 MG/ACTUAT Metered Dose Inhaler,0.0007431926287160318
Albuterol 0.83 MG/ML Inhalation Solution,0.0044804758631264135
100,0.006503158900708082
95.0,0.01842602729777877
0,1.0
