feat,imp
90.0,0.0
Triamcinolone Acetonide 0.001 MG/MG Topical Ointment,0.0009325790371166495
200 ACTUAT Albuterol 0.09 MG/ACTUAT Metered Dose Inhaler,0.001029644894763165
Albuterol 0.83 MG/ML Inhalation Solution,0.005250102945346953
100,0.009357271811912617
95.0,0.01655215525025049
0,1.0
