feat,imp
200 ACTUAT Albuterol 0.09 MG/ACTUAT Metered Dose Inhaler,0.0
Albuterol 0.83 MG/ML Inhalation Solution,0.024574503200594334
75.0,0.06414470313436049
Constipation,0.07247512262175722
50.0,0.1348752245022183
Budesonide 0.125 MG/ML Inhalation Suspension,0.28446217063467405
25.0,0.2946660197267659
Albuterol 5 MG/ML Inhalation Solution,0.8873193171792763
Ipratropium Bromide 0.2 MG/ML Inhalation Solution,1.0
