feat,imp
75.0,0.0
90.0,9.458349671733001e-05
Budesonide 0.25 MG/ML Inhalation Suspension,0.000577101405166161
Gastroesophageal reflux disease,0.003643883796522625
50.0,0.004214541519629448
Albuterol 5 MG/ML Inhalation Solution,0.04666067574676503
Albuterol 0.83 MG/ML Inhalation Solution,0.06132039871354544
Ipratropium Bromide 0.2 MG/ML Inhalation Solution,0.08798917062563394
moxifloxacin 5 MG/ML Ophthalmic Solution [Vigamox],0.3587247050507632
0,1.0
