feat,imp
90.0,0.0
Triamcinolone Acetonide 0.001 MG/MG Topical Ointment,0.0009782207598412237
200 ACTUAT Albuterol 0.09 MG/ACTUAT Metered Dose Inhaler,0.001059317860492444
Albuterol 0.83 MG/ML Inhalation Solution,0.005262368498646387
100,0.00936540218655578
95.0,0.01681858641331567
0,1.0
