feat,imp
90.0,0.0
Triamcinolone Acetonide 0.001 MG/MG Topical Ointment,0.000527851990559847
200 ACTUAT Albuterol 0.09 MG/ACTUAT Metered Dose Inhaler,0.0006002046963593191
100,0.003991525110859726
Albuterol 0.83 MG/ML Inhalation Solution,0.004769922628308933
95.0,0.016782776080307964
0,1.0
