feat,imp
Albuterol 0.83 MG/ML Inhalation Solution,0.0
Gastroesophageal reflux disease,7.23279748355018e-05
Slow weight gain,0.0002776264365803875
25.0,0.0003690913634732969
60 ACTUAT Albuterol 0.09 MG/ACTUAT Metered Dose Inhaler [Ventolin],0.0005935016028712702
50.0,0.003142324602586674
Constipation,0.014775154538303189
0,1.0
