feat,imp
95.0,0.0
cefdinir 25 MG/ML Oral Suspension,0.0029664124886162727
90.0,0.003346138510363958
97.0,0.04958401625099533
0,1.0
