feat,imp
Constipation,0.0
NDA019430 0.3 ML Epinephrine 0.5 MG/ML Auto-Injector,0.0031717375148646457
200 ACTUAT Albuterol 0.09 MG/ACTUAT Metered Dose Inhaler,0.004103253454400684
100,0.006137758237625834
90.0,0.006212302408701849
Albuterol 0.4 MG/ML Oral Solution,0.007496329561627159
Overweight,0.016779275103649714
0,1.0
