feat,imp
Albuterol 0.83 MG/ML Inhalation Solution,0.0
Gastroesophageal reflux disease,7.805925634118994e-05
Slow weight gain,0.00030321534593938555
25.0,0.00042814402648510896
60 ACTUAT Albuterol 0.09 MG/ACTUAT Metered Dose Inhaler [Ventolin],0.0006429661983705157
50.0,0.003362457334757151
Constipation,0.01578515840956478
0,1.0
