feat,imp
Constipation,0.0
200 ACTUAT Albuterol 0.09 MG/ACTUAT Metered Dose Inhaler,0.0019541598861094805
NDA019430 0.3 ML Epinephrine 0.5 MG/ML Auto-Injector,0.0028194059819828606
100,0.006278073994479454
Overweight,0.006515700345107157
Albuterol 0.4 MG/ML Oral Solution,0.0068466109099297335
90.0,0.012418341193637309
0,1.0
