feat,imp
200 ACTUAT Albuterol 0.09 MG/ACTUAT Metered Dose Inhaler,0.0
Albuterol 0.83 MG/ML Inhalation Solution,0.02543413299884286
75.0,0.05730216918338443
Constipation,0.07701311634853064
50.0,0.16259495722556155
25.0,0.26814251362062486
Budesonide 0.125 MG/ML Inhalation Suspension,0.30495685057532035
Albuterol 5 MG/ML Inhalation Solution,0.9305866373251981
Ipratropium Bromide 0.2 MG/ML Inhalation Solution,1.0
