feat,imp
95.0,0.0
90.0,0.009662596733947202
cefdinir 25 MG/ML Oral Suspension,0.009894327197722146
97.0,0.06112637008608054
0,1.0
