feat,imp
95.0,0.0
90.0,0.0006139915944885917
cefdinir 25 MG/ML Oral Suspension,0.0008545586511501323
97.0,0.03870379954408844
0,1.0
