feat,imp
Gastroesophageal reflux disease,0.0
90.0,0.010068478385561202
75.0,0.011659761762804418
Budesonide 0.25 MG/ML Inhalation Suspension,0.035206420040309064
50.0,0.11161693292197346
Albuterol 0.83 MG/ML Inhalation Solution,0.37291183636529596
Albuterol 5 MG/ML Inhalation Solution,0.43084254900973873
Ipratropium Bromide 0.2 MG/ML Inhalation Solution,0.7298903912952358
0,0.9599895226393678
moxifloxacin 5 MG/ML Ophthalmic Solution [Vigamox],1.0
