feat,imp
Constipation,0.0
NDA019430 0.3 ML Epinephrine 0.5 MG/ML Auto-Injector,0.0029486555110184894
200 ACTUAT Albuterol 0.09 MG/ACTUAT Metered Dose Inhaler,0.00363728070726875
100,0.005158253725427999
90.0,0.0052475315816135635
Albuterol 0.4 MG/ML Oral Solution,0.006226117203512234
Overweight,0.01540179630371202
0,1.0
