feat,imp
Albuterol 0.83 MG/ML Inhalation Solution,0.0
Gastroesophageal reflux disease,3.002628201605435e-05
Slow weight gain,8.625721808366533e-05
25.0,0.00010268486563317124
60 ACTUAT Albuterol 0.09 MG/ACTUAT Metered Dose Inhaler [Ventolin],0.0002614131693836221
50.0,0.0017646976726545694
Constipation,0.01272357768495021
0,1.0
