feat,imp
Constipation,0.0
NDA019430 0.3 ML Epinephrine 0.5 MG/ML Auto-Injector,0.0037448271472907153
200 ACTUAT Albuterol 0.09 MG/ACTUAT Metered Dose Inhaler,0.0044567105010752265
100,0.006654033468689197
90.0,0.00771677408430657
Albuterol 0.4 MG/ML Oral Solution,0.00847856673566387
Overweight,0.01608762584210386
0,1.0
