feat,imp
95.0,0.0
90.0,0.3601284071629035
cefdinir 25 MG/ML Oral Suspension,0.3757666219769686
97.0,0.381049147289069
0,1.0
