feat,imp
97.0,0.0
90.0,8.903884950911028e-05
Overweight,0.0006491982722226931
100,0.0006927791891321306
Gastroesophageal reflux disease,0.0033152032590543024
50.0,0.00956419657666683
0,1.0
