feat,imp
Albuterol 0.83 MG/ML Inhalation Solution,0.0
75.0,0.01810857134990395
200 ACTUAT Albuterol 0.09 MG/ACTUAT Metered Dose Inhaler,0.024121149084229847
Constipation,0.038737795153222856
25.0,0.09401875390372294
Budesonide 0.125 MG/ML Inhalation Suspension,0.3974708437960005
50.0,0.5203281703181116
Ipratropium Bromide 0.2 MG/ML Inhalation Solution,0.7917259482653077
Albuterol 5 MG/ML Inhalation Solution,1.0
