feat,imp
Constipation,0.0
200 ACTUAT Albuterol 0.09 MG/ACTUAT Metered Dose Inhaler,0.002015716553299558
NDA019430 0.3 ML Epinephrine 0.5 MG/ML Auto-Injector,0.0020424300895427036
100,0.004056899927449032
Albuterol 0.4 MG/ML Oral Solution,0.004570879248627543
90.0,0.005275205961159355
Overweight,0.008606679631723861
0,1.0
