feat,imp
97.0,0.0
90.0,7.084257734448488e-05
Overweight,0.0005269187431252931
100,0.0006416160535167333
Gastroesophageal reflux disease,0.003332906682725868
50.0,0.008126879986602784
0,1.0
