feat,imp
Constipation,0.0
NDA019430 0.3 ML Epinephrine 0.5 MG/ML Auto-Injector,0.0021682187416756453
90.0,0.0032546224046072136
200 ACTUAT Albuterol 0.09 MG/ACTUAT Metered Dose Inhaler,0.0034873175800728233
100,0.004567641718040315
Albuterol 0.4 MG/ML Oral Solution,0.005246139039332085
Overweight,0.01949115557083817
0,1.0
