feat,imp
Albuterol 0.83 MG/ML Inhalation Solution,0.0
Gastroesophageal reflux disease,0.00017075454965723592
25.0,0.00018686136602861047
Slow weight gain,0.0003160070212421907
60 ACTUAT Albuterol 0.09 MG/ACTUAT Metered Dose Inhaler [Ventolin],0.0016807298944604772
50.0,0.007851500673796795
Constipation,0.03431299197171958
0,1.0
