feat,imp
97.0,0.0
90.0,4.201587308977939e-05
Overweight,0.00035111755029426964
100,0.00037445770138567054
Gastroesophageal reflux disease,0.00258927937840082
50.0,0.007292203418103772
0,1.0
