feat,imp
95.0,0.0
90.0,0.0007740255281656087
cefdinir 25 MG/ML Oral Suspension,0.0009101710675549575
97.0,0.04168248464232573
0,1.0
