feat,imp
Albuterol 0.83 MG/ML Inhalation Solution,0.0
Gastroesophageal reflux disease,2.545901509833058e-05
Slow weight gain,0.00014809436093744032
25.0,0.00021527139445877186
60 ACTUAT Albuterol 0.09 MG/ACTUAT Metered Dose Inhaler [Ventolin],0.0003308461612563905
50.0,0.0021819488132133026
Constipation,0.012208168064150263
0,1.0
